SKU,Description,Active,AssemblyAmount,AssemblyOption,AssemblyTime,BrandID,Category,DeliveryGroup,DiscountEligible,DisplayAvailability,FinancingEligible,FreightGroup,LocalDelivery,Model,MSRP,Package,PowerType,ProductType,PromoName,QtyDanbury,QtyNewMilford,RebateEligible,RebateEndDate,RebateStartDate,RebateToCustomer,SaleEndDate,SalePrice,SaleStartDate,Series,SortOrder,SpecialFinancingEligible,SubCategory,System,Taxable,AllowBackorder,BuyOnlineEligible,MaximumOnLineQty,AvailabilityRequestEligible,ShippingEligible,ShippingRateType,ShipWeight,ShipLength,ShipWidth,ShipHeight,ShippingCarrierRule,ShippingRestriction,ShipsSeparately,WB01 011 3600 US,WB01 011 3605 US,WB02 011 3610 US,WB03 011 3600 US,WB03 011 3610 US,WB03 011 3611 US,WB04 011 3600 US,WB04 011 3607 US,WB04 011 3605 US,WB04 011 3610 US,WB04 011 3615 US,WB05 011 3600 US,WB05 011 3605 US,WB05 011 3610 US,WB05 011 3616 US,WB05 011 3615 US,WA81 011 8400 US,WA81 011 8410 US,WA81 011 8420 US,WA04 011 8600 US,WA04 011 8610 US,WA04 011 8620 US,RequiredModel1,RequiredSKU1,RequiredQty1,RequiredDescription1,RequiredModel2,RequiredSKU2,RequiredQty2,RequiredDescription2
06769-V45-A00,Auger Skid Shoe Kit,,0,,0,HONDA,,,,,,,,,46.5,,,, ,,,,,,,,46.5,,,123,,,,,,,,,,,,,,,,,,,,,,,,,,,,,,,,,,,,,,,,,,,,,,,
06768-V45-305AH,Drift Breaker Kit,,0,,0,HONDA,,,,,,,,,125.82,,,, ,,,,,,,,125.82,,,124,,,,,,,,,,,,,,,,,,,,,,,,,,,,,,,,,,,,,,,,,,,,,,,
04700-V45-000AH,Cold Weather Cab,,0,,0,HONDA,,,,,,,,,297,,,, ,,,,,,,,297,,,125,,,,,,,,,,,,,,,,,,,,,,,,,,,,,,,,,,,,,,,,,,,,,,,
08724-V45-010AH,Cover,,0,,0,HONDA,,,,,,,,,96.18,,,, ,,,,,,,,96.18,,,126,,,,,,,,,,,,,,,,,,,,,,,,,,,,,,,,,,,,,,,,,,,,,,,
08928-V45-020AH,Cover,,0,,0,HONDA,,,,,,,,,94.79,,,, ,,,,,,,,94.79,,,127,,,,,,,,,,,,,,,,,,,,,,,,,,,,,,,,,,,,,,,,,,,,,,,
08332-V45-030AH,Cover,,0,,0,HONDA,,,,,,,,,100.94,,,, ,,,,,,,,100.94,,,128,,,,,,,,,,,,,,,,,,,,,,,,,,,,,,,,,,,,,,,,,,,,,,,
061336-768-030AH,Cover,,0,,0,HONDA,,,,,,,,,129.67,,,, ,,,,,,,,129.67,,,129,,,,,,,,,,,,,,,,,,,,,,,,,,,,,,,,,,,,,,,,,,,,,,,
08207-10W30,,,0,,0,HONDA,,,,,,,,,9.8,,,, ,,,,,,,,9.8,,,130,,,,,,,,,,,,,,,,,,,,,,,,,,,,,,,,,,,,,,,,,,,,,,,
08207-5W30,,,0,,0,HONDA,,,,,,,,,8.62,,,, ,,,,,,,,8.62,,,131,,,,,,,,,,,,,,,,,,,,,,,,,,,,,,,,,,,,,,,,,,,,,,,
08208-HST02,,,0,,0,HONDA,,,,,,,,,8.06,,,, ,,,,,,,,8.06,,,132,,,,,,,,,,,,,,,,,,,,,,,,,,,,,,,,,,,,,,,,,,,,,,,
08213-10W30,,,0,,0,HONDA,,,,,,,,,4.26,,,, ,,,,,,,,4.26,,,133,,,,,,,,,,,,,,,,,,,,,,,,,,,,,,,,,,,,,,,,,,,,,,,
08232-H99-KCJA1,,,0,,0,HONDA,,,,,,,,,5.34,,,, ,,,,,,,,5.34,,,134,,,,,,,,,,,,,,,,,,,,,,,,,,,,,,,,,,,,,,,,,,,,,,,
06176-1415-C6,,,0,,0,HONDA,,,,,,,,,27.75,,,, ,,,,,,,,27.75,,,135,,,,,,,,,,,,,,,,,,,,,,,,,,,,,,,,,,,,,,,,,,,,,,,
06176-1405-C6,,,0,,0,HONDA,,,,,,,,,32.28,,,, ,,,,,,,,32.28,,,136,,,,,,,,,,,,,,,,,,,,,,,,,,,,,,,,,,,,,,,,,,,,,,,
06176-1450C,,,0,,0,HONDA,,,,,,,,,43.81,,,, ,,,,,,,,43.81,,,137,,,,,,,,,,,,,,,,,,,,,,,,,,,,,,,,,,,,,,,,,,,,,,,
06176-1456C,,,0,,0,HONDA,,,,,,,,,45.7,,,, ,,,,,,,,45.7,,,138,,,,,,,,,,,,,,,,,,,,,,,,,,,,,,,,,,,,,,,,,,,,,,,
06176-1457C,,,0,,0,HONDA,,,,,,,,,45.7,,,, ,,,,,,,,45.7,,,139,,,,,,,,,,,,,,,,,,,,,,,,,,,,,,,,,,,,,,,,,,,,,,,
