SKU,Description,Active,AssemblyAmount,AssemblyOption,AssemblyTime,BrandID,Category,DeliveryGroup,DiscountEligible,DisplayAvailability,FinancingEligible,FreightGroup,LocalDelivery,Model,MSRP,PowerType,ProductType,PromoName,QtyDanbury,QtyNewMilford,RebateEligible,RebateEndDate,RebateStartDate,RebateToCustomer,SaleEndDate,SalePrice,SaleStartDate,Series,SortOrder,SpecialFinancingEligible,SubCategory,System,Taxable,AllowBackorder,BuyOnlineEligible,MaximumOnLineQty,AvailabilityRequestEligible,ShippingEligible,ShippingRateType,ShipWeight,ShipLength,ShipWidth,ShipHeight,ShippingCarrierRule,ShippingRestriction,ShipsSeparately,WB01 011 3600 US,WB01 011 3605 US,WB02 011 3610 US,WB03 011 3600 US,WB03 011 3610 US,WB03 011 3611 US,WB04 011 3600 US,WB04 011 3607 US,WB04 011 3605 US,WB04 011 3610 US,WB04 011 3615 US,WB05 011 3600 US,WB05 011 3605 US,WB05 011 3610 US,WB05 011 3616 US,WB05 011 3615 US,WA81 011 8400 US,WA81 011 8410 US,WA81 011 8420 US,WA04 011 8600 US,WA04 011 8610 US,WA04 011 8620 US,RequiredModel1,RequiredSKU1,RequiredQty1,RequiredDescription1,RequiredModel2,RequiredSKU2,RequiredQty2,RequiredDescription2
661880,"SSESS Extension - 19.6""",T,0,T,0,HONDA,Attachments,,T,T,T,HONDA_SPECIAL_40,,"SSESS Extension - 19.6""",79,,,,0,0,,,,,,79,,,112,,,,,,,,,,,,,,,,,,,,,,,,,,,,,,,,,,,,,,,,,,,,,,,
661870,"SSESL Extension - 39.3""",T,0,T,0,HONDA,Attachments,,T,T,T,HONDA_SPECIAL_40,,"SSESL Extension - 39.3""",99,,,,0,0,,,,,,99,,,113,,,,,,,,,,,,,,,,,,,,,,,,,,,,,,,,,,,,,,,,,,,,,,,
661060,SSST Trimmer Attachment,T,0,T,0,HONDA,Attachments,,T,T,T,HONDA_SPECIAL_40,,SSST Trimmer Attachment,119,,,,0,0,,,,,,119,,,114,,,,,,,,,,,,,,,,,,,,,,,,,,,,,,,,,,,,,,,,,,,,,,,
661000,SSBL Blower Attachment,T,0,T,0,HONDA,Attachments,,T,T,T,HONDA_SPECIAL_40,,SSBL Blower Attachment,139,,,,0,0,,,,,,139,,,115,,,,,,,,,,,,,,,,,,,,,,,,,,,,,,,,,,,,,,,,,,,,,,,
661020,SSET Edger Attachment,T,0,T,0,HONDA,Attachments,,T,T,T,HONDA_SPECIAL_40,,SSET Edger Attachment,189,,,,0,0,,,,,,189,,,116,,,,,,,,,,,,,,,,,,,,,,,,,,,,,,,,,,,,,,,,,,,,,,,
661050,SSPP Pole Pruner Attachment,T,0,T,0,HONDA,Attachments,,T,T,T,HONDA_SPECIAL_40,,SSPP Pole Pruner Attachment,219,,,,0,0,,,,,,219,,,117,,,,,,,,,,,,,,,,,,,,,,,,,,,,,,,,,,,,,,,,,,,,,,,
661040,SSHHS Hedge Trimmer Attachment,T,0,T,0,HONDA,Attachments,,T,T,T,HONDA_SPECIAL_40,,SSHHS Hedge Trimmer Attachment,219,,,,0,0,,,,,,219,,,118,,,,,,,,,,,,,,,,,,,,,,,,,,,,,,,,,,,,,,,,,,,,,,,
661010,SSCL Cultivator Attachment,T,0,T,0,HONDA,Attachments,,T,T,T,HONDA_SPECIAL_40,,SSCL Cultivator Attachment,239,,,,0,0,,,,,,239,,,119,,,,,,,,,,,,,,,,,,,,,,,,,,,,,,,,,,,,,,,,,,,,,,,
661030,SSHHL Hedge Trimmer Attachment,T,0,T,0,HONDA,Attachments,,T,T,T,HONDA_SPECIAL_40,,SSHHL Hedge Trimmer Attachment,189,,,,0,0,,,,,,239,,,120,,,,,,,,,,,,,,,,,,,,,,,,,,,,,,,,,,,,,,,,,,,,,,,
